Execution time in seconds for FM_SPATIAL_CONVOLUTION;Image sizes in rows;Kernel sizes in columns
;3;5;7;9;11;21;31;41;51;71;101
8;0.000185797;0.000201344;0.000218695;;;;;;;;
16;0.000680404;0.000638567;0.000187151;0.00019738;0.000213218;;;;;;
32;0.000762569;0.000721478;0.000730039;0.000765186;0.000938757;0.00141854;0.00114682;;;;
64;0.00383454;0.002558;0.00226033;0.00236049;0.0021522;0.00302032;0.00319594;0.00482231;0.00662579;;
128;0.00848627;0.0111497;0.010428;0.00852825;0.00852376;0.0124631;0.0156337;0.0215508;0.0290524;0.0358316;0.04967
