Execution time in seconds for FM_SEPERABLE_FILTER;Image sizes in rows;Kernel sizes in columns
;3;5;7;9;11;21;31;41;51;71;101
8;8.1625e-05;8.6311e-05;8.5281e-05;;;;;;;;
16;0.000313091;0.000309541;0.000313726;0.000311809;0.000405388;;;;;;
32;0.00127199;0.00125267;0.00125739;0.00133039;0.00125305;0.00129213;0.00126308;;;;
64;0.00503715;0.0049451;0.00499985;0.00573099;0.00504196;0.00504582;0.00505415;0.00518748;0.00587575;;
128;0.0189743;0.0189324;0.0190685;0.0211109;0.0197159;0.0185259;0.0193016;0.0221362;0.0231208;0.0253213;0.0234731
256;0.0928843;0.0817401;0.0784467;0.0731209;0.0731659;0.0823813;0.0937082;0.0933893;0.0843684;0.0754127;0.0946966
512;0.320333;0.251202;0.247355;0.337744;0.290155;0.254155;0.24988;0.25856;0.266446;0.254047;0.252369
1024;0.956563;0.992255;0.899405;0.894533;0.914799;0.928956;0.903991;0.935369;0.924146;0.908408;0.9532
